{
  "type": "scaffold",
  "backgroundColor": "#E9EFF4",
  "body": {
    "type": "singleChildScrollView",
    "child":  {
      "type": "column",
      "mainalignment": "spaceEvenly",
      "crossalignment": "start",
      "children": [
        {
          "type": "padding",
          "top": 20.0,
          "bottom": 20.0,
          "left": 15.0,
          "right": 15.0,
          "child":

          {
            "type": "container",
            "height": 45.0,
            "width": 400.0,
            "decoration": {
              "color": "#FFFFFF",
              "borderColor": "#00000000",
              "opacity": 1.0,
              "borderRadius": {
                "topRight": 50,
                "bottomRight": 50,
                "topLeft": 50,
                "bottomLeft": 50
              }
            },
            "child":
            {
              "type":"textField",
              "label":"what are yours looking for?",
              "placeholder":"Enter your Email Address",
              "obscureText":false,
              "prefixIcon": "search",
              "suffixIcon": "setting2",
              "prefixColor": "#000000",
              "suffixColor": "#9CA0AF99",
              "fieldOpacity": 0.2,
              "radius": 50.0,
              "keyboardType": "email",
              "textInputAction": "done",
              "colorName": "#FFFFFF"
            }
          }
        },

        {
          "type": "container",
          "height": 180.0,
          "width": 600.0,
          "decoration": {
            "color": "#00000000",
            "borderColor": "#00000000",
            "opacity": 0.0,
            "borderRadius": {
              "topRight": 10,
              "bottomRight": 10,
              "topLeft": 10,
              "bottomLeft": 10
            }
          },
          "child":  {
            "type": "listViewBuilder",
            "scrollDirection":"horizontal",
            "itemCount": 8,
            "height": 160.0,
            "child":  {
              "type": "container",
              "height": 400.0,
              "width":500.0,
              "decoration": {
                "color": "#00000000",
                "borderColor": "#00000000",
                "opacity": 0.0,
                "borderRadius": {
                  "topRight": 5,
                  "bottomRight": 5,
                  "topLeft": 5,
                  "bottomLeft": 5
                }
              },
              "child": {
                "type": "carousel_slider",
                "options": {
                  "viewportFraction": 0.8,
                  "initialPage": 0,
                  "enableInfiniteScroll": true,
                  "reverse": false,
                  "autoPlay": true,
                  "autoPlayInterval": 3000,
                  "autoPlayAnimationDuration": 800,
                  "autoPlayCurve": "fastOutSlowIn",
                  "enlargeCenterPage": true,
                  "scrollDirection": "horizontal"
                },
                "items": [

                  {
                    "type":"container",
                    "height":200.0,
                    "width":800.0,
                    "decoration": {
                      "color": "#00000000",
                      "borderColor": "#00000000",
                      "opacity": 0.0,
                      "borderRadius": {
                        "topRight": 5,
                        "bottomRight": 5,
                        "topLeft": 5,
                        "bottomLeft": 5
                      }
                    },
                    "child":{
                      "type": "row",
                      "mainalignment": "start",
                      "crossalignment": "start",
                      "children": [

                        {
                          "type": "padding",
                          "top": 20.0,
                          "bottom": 0.0,
                          "left": 0.0,
                          "right": 0.0,
                          "child":   {
                            "type": "imageAsset",
                            "imageUrl": "assets/nike7.png",
                            "width": 150.0,
                            "height": 100.0,
                            "fit": "fit"
                          }
                        },



                        {
                          "type": "padding",
                          "top": 0.0,
                          "bottom": 0.0,
                          "left": 0.0,
                          "right": 0.0,
                          "child": {
                            "type": "column",
                            "mainalignment": "start",
                            "crossalignment": "start",
                            "children": [


                              {
                                "type": "padding",
                                "top": 30.0,
                                "bottom": 0.0,
                                "left": 10.0,
                                "right": 0.0,
                                "child":
                                {
                                  "type": "text",
                                  "label": "Nike Air Max 270",
                                  "textColor": "#FFFFFF",
                                  "fontSize": 16,
                                  "fontWeight": "bold"
                                }
                              },


                              {
                                "type": "padding",
                                "top": 0.0,
                                "bottom": 0.0,
                                "left": 10.0,
                                "right": 0.0,
                                "child":
                                {
                                  "type": "text",
                                  "label": "Men’s shoes",
                                  "textColor": "#FFFFFF",
                                  "fontSize": 12,
                                  "fontWeight": "bold"
                                }
                              },

                              {
                                "type": "padding",
                                "top": 20.0,
                                "bottom": 0.0,
                                "left": 10.0,
                                "right": 0.0,
                                "child":
                                {
                                  "type": "text",
                                  "label": "$299.9",
                                  "textColor": "#FFFFFF",
                                  "fontSize": 20,
                                  "fontWeight": "bold"
                                }
                              },

                              {
                                "type": "padding",
                                "top":10.0,
                                "bottom":0.0,
                                "left":10.0,
                                "right": 30.0,
                                "child": {
                                  "type": "buttonContainer",
                                  "height": 30.0,
                                  "width": 100.0,
                                  "child": {
                                    "type": "padding",
                                    "top": 5.0,
                                    "bottom":0.0,
                                    "left":0.0,
                                    "right": 0.0,
                                    "child": {
                                      "type": "text",
                                      "label": "Explore Now",
                                      "textColor": "#FFFFFF",
                                      "fontSize": 14,
                                      "fontWeight": "Bold"
                                    }
                                  },
                                  "tag": "",
                                  "decoration":{
                                    "color":"#AA7EEF",
                                    "opacity": 1.0,
                                    "borderColor": "00000000",
                                    "borderRadius":{
                                      "topRight":20,
                                      "bottomRight": 20,
                                      "topLeft": 20,
                                      "bottomLeft": 20
                                    }
                                  }
                                }
                              }
                            ]
                          }
                        }
                      ]
                    },
                    "decoration": {
                      "color": "#00000000",
                      "borderColor": "#00000000",
                      "opacity": 0.0,
                      "imageUrl":"assets/caurosal3BG.png",
                      "borderRadius": {
                        "topRight": 15,
                        "bottomRight": 15,
                        "topLeft": 15,
                        "bottomLeft": 15
                      }
                    }
                  }
                ]
              },
              "decoration": {
                "color": "#00000000",
                "borderColor": "#00000000",
                "opacity": 0.0
              }
            }
          }
        },

        {
          "type": "padding",
          "top": 0.0,
          "bottom":0.0,
          "left": 15.0,
          "right": 15.0,
          "child":{
            "type": "row",
            "mainalignment": "spaceBetween",
            "crossalignment": "center",
            "children": [
              {
                "type": "padding",
                "top": 0.0,
                "bottom": 0.0,
                "left": 0.0,
                "right": 0.0,
                "child":
                {
                  "type": "text",
                  "label": "LifeStyle",
                  "textColor": "#000000",
                  "fontSize": 16,
                  "fontWeight": "bold"
                }
              },

              {
                "type": "padding",
                "top": 0.0,
                "bottom": 0.0,
                "left": 0.0,
                "right": 0.0,
                "child":
                {
                  "type": "textButton",
                  "child": {
                    "type": "text",
                    "label": "See More",
                    "textColor": "#966ED7",
                    "fontSize": 12,
                    "fontWeight": "bold"
                  },
                  "tag": ""
                }
              }
            ]
          }
        },

        {
          "type": "padding",
          "top": 0.0,
          "bottom": 0.0,
          "left": 15.0,
          "right": 0.0,
          "child":  {
            "type": "listViewBuilder",
            "scrollDirection":"horizontal",
            "itemCount": 8,
            "height": 200.0,
            "child":  {
              "type": "container",
              "height": 160.0,
              "width": 160.0,
              "decoration": {
                "color": "#FFFFFF",
                "borderColor": "#00000000",
                "opacity": 0.0,
                "borderRadius": {
                  "topRight": 5,
                  "bottomRight": 5,
                  "topLeft": 5,
                  "bottomLeft": 5
                }
              },
              "child": {
                "type": "card",
                "tag": "goToDetails3",
                "child": {
                  "type": "column",
                  "mainalignment": "spaceAround",
                  "crossalignment": "start",
                  "children": [

                    {
                      "type": "padding",
                      "top": 0.0,
                      "bottom": 0.0,
                      "left": 10.0,
                      "right": 0.0,
                      "child": {
                        "type": "container",
                        "height": 110.0,
                        "width": 130.0,
                        "decoration": {
                          "color": "#D6EEB9",
                          "borderColor": "#00000000",
                          "opacity": 1.0,
                          "borderRadius": {
                            "topRight": 3,
                            "bottomRight": 3,
                            "topLeft": 3,
                            "bottomLeft": 3
                          }
                        },
                        "child": {
                          "type": "column",
                          "mainalignment": "spaceEvenly",
                          "crossalignment": "start",
                          "children": [

                            {
                              "type": "padding",
                              "top": 0.0,
                              "bottom": 0.0,
                              "left": 100.0,
                              "right": 0.0,
                              "child":  {
                                "type": "icon",
                                "iconData": "favorite_border",
                                "size": 20.0,
                                "color": "#9CA0AF"
                              }
                            },
                            {
                              "type": "padding",
                              "top": 0.0,
                              "bottom": 0.0,
                              "left": 0.0,
                              "right": 0.0,
                              "child":   {
                                "type": "imageAsset",
                                "imageUrl": "assets/nike2.png",
                                "width": 120.0,
                                "height": 70.0,
                                "fit": "fit"
                              }
                            }



                          ]
                        }
                      }
                    },

                    {
                      "type": "padding",
                      "top": 0.0,
                      "bottom": 0.0,
                      "left": 10.0,
                      "right": 0.0,
                      "child":
                      {
                        "type": "text",
                        "label": "Nike Air Max 260",
                        "textColor": "#9CA0AF",
                        "fontSize": 12,
                        "fontWeight": "bold"
                      }
                    },

                    {
                      "type": "padding",
                      "top": 0.0,
                      "bottom": 0.0,
                      "left": 10.0,
                      "right": 10.0,
                      "child":  {
                        "type": "row",
                        "mainalignment": "spaceBetween",
                        "crossalignment": "start",
                        "children": [
                          {
                            "type": "padding",
                            "top": 0.0,
                            "bottom": 0.0,
                            "left": 0.0,
                            "right": 0.0,
                            "child":
                            {
                              "type": "text",
                              "label": "$299.9",
                              "textColor": "#000000",
                              "fontSize": 18,
                              "fontWeight": "bold"
                            }
                          },

                          {
                            "type": "container",
                            "height": 40.0,
                            "width": 40.0,
                            "decoration": {
                              "color": "#00000000",
                              "opacity": 0.0,
                              "borderColor": "#00000000"
                            },
                            "child": {
                              "type": "row",
                              "mainalignment": "spaceBetween",
                              "crossalignment": "start",
                              "children": [
                                {
                                  "type": "icon",
                                  "iconData": "star_border",
                                  "size": 20.0,
                                  "color": "#9CA0AF"
                                },
                                {
                                  "type": "padding",
                                  "top": 3.0,
                                  "bottom": 0.0,
                                  "left": 0.0,
                                  "right": 0.0,
                                  "child": {
                                    "type": "text",
                                    "label": "4.8",
                                    "textColor": "#9CA0AF",
                                    "fontSize": 12,
                                    "fontWeight": "normal"
                                  }
                                }
                              ]
                            }
                          }
                        ]
                      }
                    }








                  ]

                },
                "elevation": 1.0,
                "color": "#FFFFFF"
              }
            }
          }
        },

        {
          "type": "padding",
          "top": 0.0,
          "bottom":0.0,
          "left": 15.0,
          "right": 15.0,
          "child":{
            "type": "row",
            "mainalignment": "spaceBetween",
            "crossalignment": "center",
            "children": [
              {
                "type": "padding",
                "top": 0.0,
                "bottom": 0.0,
                "left": 0.0,
                "right": 0.0,
                "child":
                {
                  "type": "text",
                  "label": "LifeStyle",
                  "textColor": "#000000",
                  "fontSize": 16,
                  "fontWeight": "bold"
                }
              },

              {
                "type": "padding",
                "top": 0.0,
                "bottom": 0.0,
                "left": 0.0,
                "right": 0.0,
                "child":
                {
                  "type": "textButton",
                  "child": {
                    "type": "text",
                    "label": "See More",
                    "textColor": "#966ED7",
                    "fontSize": 12,
                    "fontWeight": "bold"
                  },
                  "tag": ""
                }
              }
            ]
          }
        },

        {
          "type": "padding",
          "top": 0.0,
          "bottom": 0.0,
          "left": 15.0,
          "right": 0.0,
          "child":  {
            "type": "listViewBuilder",
            "scrollDirection":"horizontal",
            "itemCount": 8,
            "height": 200.0,
            "child":  {
              "type": "container",
              "height": 160.0,
              "width": 160.0,
              "decoration": {
                "color": "#FFFFFF",
                "borderColor": "#00000000",
                "opacity": 0.0,
                "borderRadius": {
                  "topRight": 5,
                  "bottomRight": 5,
                  "topLeft": 5,
                  "bottomLeft": 5
                }
              },
              "child": {
                "type": "card",
                "tag": "goToDetails3",
                "child": {
                  "type": "column",
                  "mainalignment": "spaceAround",
                  "crossalignment": "start",
                  "children": [

                    {
                      "type": "padding",
                      "top": 0.0,
                      "bottom": 0.0,
                      "left": 10.0,
                      "right": 0.0,
                      "child": {
                        "type": "container",
                        "height": 110.0,
                        "width": 130.0,
                        "decoration": {
                          "color": "#D6EEB9",
                          "borderColor": "#00000000",
                          "opacity": 1.0,
                          "borderRadius": {
                            "topRight": 3,
                            "bottomRight": 3,
                            "topLeft": 3,
                            "bottomLeft": 3
                          }
                        },
                        "child": {
                          "type": "column",
                          "mainalignment": "spaceEvenly",
                          "crossalignment": "start",
                          "children": [

                            {
                              "type": "padding",
                              "top": 0.0,
                              "bottom": 0.0,
                              "left": 100.0,
                              "right": 0.0,
                              "child":  {
                                "type": "icon",
                                "iconData": "favorite_border",
                                "size": 20.0,
                                "color": "#9CA0AF"
                              }
                            },
                            {
                              "type": "padding",
                              "top": 0.0,
                              "bottom": 0.0,
                              "left": 0.0,
                              "right": 0.0,
                              "child":   {
                                "type": "imageAsset",
                                "imageUrl": "assets/nike2.png",
                                "width": 120.0,
                                "height": 70.0,
                                "fit": "fit"
                              }
                            }



                          ]
                        }
                      }
                    },

                    {
                      "type": "padding",
                      "top": 0.0,
                      "bottom": 0.0,
                      "left": 10.0,
                      "right": 0.0,
                      "child":
                      {
                        "type": "text",
                        "label": "Nike Air Max 260",
                        "textColor": "#9CA0AF",
                        "fontSize": 12,
                        "fontWeight": "bold"
                      }
                    },

                    {
                      "type": "padding",
                      "top": 0.0,
                      "bottom": 0.0,
                      "left": 10.0,
                      "right": 10.0,
                      "child":  {
                        "type": "row",
                        "mainalignment": "spaceBetween",
                        "crossalignment": "start",
                        "children": [
                          {
                            "type": "padding",
                            "top": 0.0,
                            "bottom": 0.0,
                            "left": 0.0,
                            "right": 0.0,
                            "child":
                            {
                              "type": "text",
                              "label": "$299.9",
                              "textColor": "#000000",
                              "fontSize": 18,
                              "fontWeight": "bold"
                            }
                          },

                          {
                            "type": "container",
                            "height": 40.0,
                            "width": 40.0,
                            "decoration": {
                              "color": "#00000000",
                              "opacity": 0.0,
                              "borderColor": "#00000000"
                            },
                            "child": {
                              "type": "row",
                              "mainalignment": "spaceBetween",
                              "crossalignment": "start",
                              "children": [
                                {
                                  "type": "icon",
                                  "iconData": "star_border",
                                  "size": 20.0,
                                  "color": "#9CA0AF"
                                },
                                {
                                  "type": "padding",
                                  "top": 3.0,
                                  "bottom": 0.0,
                                  "left": 0.0,
                                  "right": 0.0,
                                  "child": {
                                    "type": "text",
                                    "label": "4.8",
                                    "textColor": "#9CA0AF",
                                    "fontSize": 12,
                                    "fontWeight": "normal"
                                  }
                                }
                              ]
                            }
                          }
                        ]
                      }
                    }








                  ]

                },
                "elevation": 1.0,
                "color": "#FFFFFF"
              }
            }
          }
        },
        {
          "type": "padding",
          "top": 0.0,
          "bottom":0.0,
          "left": 15.0,
          "right": 15.0,
          "child":{
            "type": "row",
            "mainalignment": "spaceBetween",
            "crossalignment": "center",
            "children": [
              {
                "type": "padding",
                "top": 0.0,
                "bottom": 0.0,
                "left": 0.0,
                "right": 0.0,
                "child":
                {
                  "type": "text",
                  "label": "LifeStyle",
                  "textColor": "#000000",
                  "fontSize": 16,
                  "fontWeight": "bold"
                }
              },

              {
                "type": "padding",
                "top": 0.0,
                "bottom": 0.0,
                "left": 0.0,
                "right": 0.0,
                "child":
                {
                  "type": "textButton",
                  "child": {
                    "type": "text",
                    "label": "See More",
                    "textColor": "#966ED7",
                    "fontSize": 12,
                    "fontWeight": "bold"
                  },
                  "tag": ""
                }
              }
            ]
          }
        },
        {
          "type": "padding",
          "top": 0.0,
          "bottom": 0.0,
          "left": 15.0,
          "right": 0.0,
          "child":  {
            "type": "listViewBuilder",
            "scrollDirection":"horizontal",
            "itemCount": 8,
            "height": 200.0,
            "child":  {
              "type": "container",
              "height": 160.0,
              "width": 160.0,
              "decoration": {
                "color": "#FFFFFF",
                "borderColor": "#00000000",
                "opacity": 0.0,
                "borderRadius": {
                  "topRight": 5,
                  "bottomRight": 5,
                  "topLeft": 5,
                  "bottomLeft": 5
                }
              },
              "child": {
                "type": "card",
                "tag": "goToDetails3",
                "child": {
                  "type": "column",
                  "mainalignment": "spaceAround",
                  "crossalignment": "start",
                  "children": [

                    {
                      "type": "padding",
                      "top": 0.0,
                      "bottom": 0.0,
                      "left": 10.0,
                      "right": 0.0,
                      "child": {
                        "type": "container",
                        "height": 110.0,
                        "width": 130.0,
                        "decoration": {
                          "color": "#D6EEB9",
                          "borderColor": "#00000000",
                          "opacity": 1.0,
                          "borderRadius": {
                            "topRight": 3,
                            "bottomRight": 3,
                            "topLeft": 3,
                            "bottomLeft": 3
                          }
                        },
                        "child": {
                          "type": "column",
                          "mainalignment": "spaceEvenly",
                          "crossalignment": "start",
                          "children": [

                            {
                              "type": "padding",
                              "top": 0.0,
                              "bottom": 0.0,
                              "left": 100.0,
                              "right": 0.0,
                              "child":  {
                                "type": "icon",
                                "iconData": "favorite_border",
                                "size": 20.0,
                                "color": "#9CA0AF"
                              }
                            },
                            {
                              "type": "padding",
                              "top": 0.0,
                              "bottom": 0.0,
                              "left": 0.0,
                              "right": 0.0,
                              "child":   {
                                "type": "imageAsset",
                                "imageUrl": "assets/nike2.png",
                                "width": 120.0,
                                "height": 70.0,
                                "fit": "fit"
                              }
                            }



                          ]
                        }
                      }
                    },

                    {
                      "type": "padding",
                      "top": 0.0,
                      "bottom": 0.0,
                      "left": 10.0,
                      "right": 0.0,
                      "child":
                      {
                        "type": "text",
                        "label": "Nike Air Max 260",
                        "textColor": "#9CA0AF",
                        "fontSize": 12,
                        "fontWeight": "bold"
                      }
                    },

                    {
                      "type": "padding",
                      "top": 0.0,
                      "bottom": 0.0,
                      "left": 10.0,
                      "right": 10.0,
                      "child":  {
                        "type": "row",
                        "mainalignment": "spaceBetween",
                        "crossalignment": "start",
                        "children": [
                          {
                            "type": "padding",
                            "top": 0.0,
                            "bottom": 0.0,
                            "left": 0.0,
                            "right": 0.0,
                            "child":
                            {
                              "type": "text",
                              "label": "$299.9",
                              "textColor": "#000000",
                              "fontSize": 18,
                              "fontWeight": "bold"
                            }
                          },

                          {
                            "type": "container",
                            "height": 40.0,
                            "width": 40.0,
                            "decoration": {
                              "color": "#00000000",
                              "opacity": 0.0,
                              "borderColor": "#00000000"
                            },
                            "child": {
                              "type": "row",
                              "mainalignment": "spaceBetween",
                              "crossalignment": "start",
                              "children": [
                                {
                                  "type": "icon",
                                  "iconData": "star_border",
                                  "size": 20.0,
                                  "color": "#9CA0AF"
                                },
                                {
                                  "type": "padding",
                                  "top": 3.0,
                                  "bottom": 0.0,
                                  "left": 0.0,
                                  "right": 0.0,
                                  "child": {
                                    "type": "text",
                                    "label": "4.8",
                                    "textColor": "#9CA0AF",
                                    "fontSize": 12,
                                    "fontWeight": "normal"
                                  }
                                }
                              ]
                            }
                          }
                        ]
                      }
                    }








                  ]

                },
                "elevation": 1.0,
                "color": "#FFFFFF"
              }
            }
          }
        }
      ]
    }
  }
}
