{
  "type": "scaffold",
  "backgroundColor": "#000000",
  "body": {
    "type": "singleChildScrollView",
    "child": {
      "type": "container",
      "height": 800.0,
      "width": 500.0,
      "decoration":{
        "imageUrl":"assets/back2.png",
        "color":"#000000",
        "borderRadius":{
          "topRight":0,
          "bottomRight":0,
          "topLeft":0,
          "bottomLeft":0
        }
      },
      "child": {
        "type": "column",
        "mainalignment": "spaceBetween",
        "crossalignment": "center",
        "children": [

          {
            "type": "sizedBox",
            "height": 50.0,
            "width": 0.0
          },
          {
            "type": "imageAsset",
            "imageUrl": "assets/logoW.png",
            "width": 200.0,
            "height": 120.0,
            "fit": "contain"
          },

          {
            "type": "padding",
            "top": 0.0,
            "bottom": 0.0,
            "left": 0.0,
            "right": 0.0,
            "child":
            {
              "type": "text",
              "label": "Sign Up",
              "textColor": "#FFFFFF",
              "fontSize": 40,
              "fontWeight": "bold"
            }
          },

          {
            "type": "padding",
            "top": 0.0,
            "bottom": 0.0,
            "left": 30.0,
            "right": 30.0,
            "child":   {
              "type": "container",
              "height": 50.0,
              "width": 350.0,
              "child":
              {
                "type":"textField",
                "label": "Enter Your Name",
                "placeholder":"Enter your Email Address",
                "obscureText":false,
                "prefixIcon": "",
                "suffixIcon": "",
                "suffixColor": "#00000000",
                "prefixColor": "#9CA0AF99",
                "colorName": "#00000000",
                "fieldOpacity": 0.2,
                "radius": 50.0,
                "keyboardType": "text",
                "textInputAction": "next",
                "colorName": "#00000000"
              },
              "decoration": {
                "color": "#00000000",
                "borderColor": "#00000000",
                "borderRadius": {
                  "topRight": 50,
                  "bottomRight": 50.0,
                  "topLeft": 50,
                  "bottomLeft": 50
                }
              }
            }
          },

          {
            "type": "padding",
            "top": 0.0,
            "bottom": 0.0,
            "left": 30.0,
            "right": 30.0,
            "child":   {
              "type": "container",
              "height": 50.0,
              "width": 350.0,
              "child":
              {
                "type":"textField",
                "label": "Enter Your Email",
                "placeholder":"Enter your Email Address",
                "obscureText":false,
                "prefixIcon": "",
                "suffixIcon": "",
                "suffixColor": "#00000000",
                "prefixColor": "#9CA0AF99",
                "fieldOpacity": 0.2,
                "radius": 50.0,
                "keyboardType": "email",
                "textInputAction": "next",
                "colorName": "#00000000"
              },
              "decoration": {
                "color": "#00000000",
                "borderColor": "#00000000",
                "borderRadius": {
                  "topRight": 50,
                  "bottomRight": 50.0,
                  "topLeft": 50,
                  "bottomLeft": 50
                }
              }
            }
          },

          {
            "type": "padding",
            "top": 0.0,
            "bottom": 0.0,
            "left": 30.0,
            "right": 30.0,
            "child":   {
              "type": "container",
              "height": 50.0,
              "width": 350.0,
              "child":
              {
                "type":"textField",
                "label": "Enter Your Password",
                "placeholder":"Enter your Email Address",
                "obscureText":true,
                "prefixIcon": "",
                "suffixIcon": "",
                "suffixColor": "#00000000",
                "prefixColor": "#9CA0AF99",
                "fieldOpacity": 0.2,
                "radius": 50.0,
                "keyboardType": "visiblePassword",
                "textInputAction": "done",
                "colorName": "#00000000"
              },
              "decoration": {
                "color": "#00000000",
                "borderColor": "#00000000",
                "borderRadius": {
                  "topRight": 50,
                  "bottomRight": 50.0,
                  "topLeft": 50,
                  "bottomLeft": 50
                }
              }
            }
          },


          {
            "type": "padding",
            "top":0.0,
            "bottom":0.0,
            "left":30.0,
            "right": 30.0,
            "child": {
              "type": "buttonContainer",
              "height": 50.0,
              "width": 350.0,
              "child": {
                "type": "padding",
                "top":15.0,
                "bottom":0.0,
                "left":0.0,
                "right": 0.0,
                "child": {
                  "type": "text",
                  "label": "Sign Up",
                  "textColor": "#000000",
                  "fontSize": 14,
                  "fontWeight": "Bold"
                }
              },
              "tag": "goToHome2",
              "decoration":{
                "color":"#FFFFFF",
                "opacity": 1.0,
                "borderColor": "00000000",
                "borderRadius":{
                  "topRight":50,
                  "bottomRight": 50,
                  "topLeft": 50,
                  "bottomLeft": 50
                }
              }
            }
          },

          {
            "type": "row",
            "mainalignment": "center",
            "crossalignment": "center",
            "children": [
              {
                "type": "text",
                "label": "Have an account?",
                "textColor": "#8D8D8D",
                "fontSize": 12,
                "fontWeight": "Bold"
              },


              {
                "type": "textButton",
                "child": {
                  "type": "text",
                  "label": "Sign In",
                  "textColor": "#FFFFFF",
                  "fontSize": 14,
                  "fontWeight": "Bold"
                },
                "tag": "signIn2"
              }
            ]
          },

          {
            "type": "padding",
            "top": 0.0,
            "bottom": 0.0,
            "left": 0.0,
            "right": 0.0,
            "child":
            {
              "type": "text",
              "label": "or login with",
              "textColor": "#FFFFFF",
              "fontSize": 12,
              "fontWeight": "normal"
            }
          },
          {
            "type":"row",
            "mainalignment":"center",
            "crossalignment":"center",
            "children":[
              {
                "type":"container",
                "height":40.0,
                "width":40.0,
                "decoration":{
                  "color":"#F6F6F6",
                  "borderColor": "00000000",
                  "borderRadius":{
                    "topRight":10,
                    "bottomRight": 10,
                    "topLeft": 10,
                    "bottomLeft": 10
                  }
                },
                "child":{
                  "type":"center",
                  "child":{
                    "type":"image",
                    "imageUrl":"https://static-00.iconduck.com/assets.00/google-icon-2048x2048-czn3g8x8.png",
                    "width":20.0,
                    "height":20.0,
                    "fit" : "cover",
                    "tag": "signInWithGoogle"
                  }
                }
              },

              {
                "type":"sizedBox",
                "height":1.0,
                "width":20.0
              },

              {
                "type":"container",
                "height":40.0,
                "width":40.0,
                "decoration":{
                  "color":"#F6F6F6",
                  "borderColor": "00000000",
                  "borderRadius":{
                    "topRight":10,
                    "bottomRight": 10,
                    "topLeft": 10,
                    "bottomLeft": 10
                  }
                },
                "child":{
                  "type":"center",
                  "child":{
                    "type":"image",
                    "imageUrl":"https://upload.wikimedia.org/wikipedia/commons/thumb/b/b8/2021_Facebook_icon.svg/2048px-2021_Facebook_icon.svg.png",
                    "width":20.0,
                    "height":20.0,
                    "fit" : "cover",
                    "tag": "signInWithFaceBook"
                  }
                }
              },

              {
                "type":"sizedBox",
                "height":1.0,
                "width":20.0
              },

              {
                "type":"container",
                "height":40.0,
                "width":40.0,
                "decoration":{
                  "color":"#F6F6F6",
                  "borderColor": "00000000",
                  "borderRadius":{
                    "topRight":10,
                    "bottomRight": 10,
                    "topLeft": 10,
                    "bottomLeft": 10
                  }
                },
                "child":{
                  "type":"center",
                  "child":{
                    "type":"image",
                    "imageUrl":"https://m.media-amazon.com/images/I/31zRjKBu0BL._SX300_SY300_QL70_FMwebp_.jpg",
                    "width":20.0,
                    "height":20.0,
                    "fit" : "cover",
                    "tag": "signInWithFaceBook"
                  }
                }
              }
            ]
          },

          {
            "type":"sizedBox",
            "height": 30.0,
            "width":0.0
          }
        ]
      }
    }
  }
}