{
  "type": "scaffold",
  "backgroundColor": "#FFFFFF",
  "body": {
    "type": "singleChildScrollView",
    "child": {
      "type": "padding",
      "top": 20.0,
      "bottom": 20.0,
      "left": 0.0,
      "right": 0.0,
      "child":
      {
        "type": "container",
        "height": 800.0,
        "width": 500.0,
        "decoration": {
          "color": "#FFFFFF"
        },
        "child": {
          "type": "column",
          "mainalignment": "spaceBetween",
          "crossalignment": "center",
          "children": [


            {
              "type": "padding",
              "top": 0.0,
              "bottom": 0.0,
              "left": 15.0,
              "right": 15.0,
              "child":  {
                "type": "container",
                "height": 45.0,
                "width": 400.0,
                "child":
                {
                  "type":"textField",
                  "label":"what are yours looking for?",
                  "placeholder":"Enter your Email Address",
                  "obscureText":false,
                  "prefixIcon": "search",
                  "suffixIcon": "",
                  "prefixColor": "#9CA0AF99",
                  "fieldOpacity": 1.0,
                  "colorName": "#F1F1F1",
                  "filled": true,
                  "radius": 10.0,
                  "keyboardType": "text",
                  "textInputAction": "done",
                  "suffixColor": "#00000000"

                }
              }
            },

            {
              "type": "listViewBuilder",
              "itemCount": 3,
              "height": 500.0,
              "child":{
                "type": "padding",
                "top": 10.0,
                "bottom": 0.0,
                "left": 15.0,
                "right": 15.0,
                "child":  {
                  "type": "container",
                  "height": 145.0,
                  "width": 390.0,
                  "decoration": {
                    "color": "#F6F6F6",
                    "opacity": 1.0,
                    "borderRadius": {
                      "topRight": 10,
                      "bottomRight": 10,
                      "topLeft": 10,
                      "bottomLeft": 10
                    }
                  },
                  "child": {
                    "type": "row",
                    "mainalignment": "start",
                    "crossalignment": "start",
                    "children": [

                      {
                        "type": "padding",
                        "top": 30.0,
                        "bottom": 0.0,
                        "left": 10.0,
                        "right": 0.0,
                        "child":  {
                          "type": "imageAsset",
                          "imageUrl": "assets/nike4.png",
                          "width": 120.0,
                          "height": 70.0,
                          "fit": "cover"
                        }
                      },

                      {
                        "type": "padding",
                        "top": 0.0,
                        "bottom": 0.0,
                        "left": 10.0,
                        "right": 0.0,
                        "child": {
                          "type": "column",
                          "mainalignment": "start",
                          "crossalignment": "start",
                          "children": [
                            {
                              "type": "sizedBox",
                              "height": 8.0,
                              "width": 0.0
                            },
                            {
                              "type": "imageIcon",
                              "image": "assets/nikeLogo.png",
                              "color": "#000000",
                              "size": 24.0,
                              "tag": ""
                            },

                            {
                              "type": "padding",
                              "top": 5.0,
                              "bottom": 0.0,
                              "left": 0.0,
                              "right": 0.0,
                              "child":
                              {
                                "type": "text",
                                "label": "Nike Go FlyEase",
                                "textColor": "#313237",
                                "fontSize": 14,
                                "fontWeight": "bold"
                              }
                            },
                            {
                              "type": "sizedBox",
                              "height": 5.0,
                              "width": 0.0
                            },
                            {
                              "type": "row",
                              "mainalignment": "spaceEvenly",
                              "crossalignment": "start",
                              "children": [
                                {
                                  "type": "padding",
                                  "top": 0.0,
                                  "bottom": 0.0,
                                  "left": 0.0,
                                  "right": 0.0,
                                  "child":
                                  {
                                    "type": "text",
                                    "label": "Size: 8 Us",
                                    "textColor": "#313237",
                                    "fontSize": 12,
                                    "fontWeight": "normal"
                                  }
                                },

                                {
                                  "type": "sizedBox",
                                  "height": 0.0,
                                  "width": 8.0
                                },

                                {
                                  "type": "container",
                                  "height": 20.0,
                                  "width": 80.0,
                                  "decoration": {
                                    "color": "#00000000",
                                    "opacity": 0.0,
                                    "borderColor": "#00000000"
                                  },
                                  "child": {
                                    "type": "row",
                                    "mainalignment": "start",
                                    "crossalignment": "start",
                                    "children": [
                                      {
                                        "type": "text",
                                        "label": "Color :",
                                        "textColor": "#313237",
                                        "fontSize": 12,
                                        "fontWeight": "normal"
                                      },
                                      {
                                        "type":"padding",
                                        "top": 0.0,
                                        "bottom":0.0,
                                        "left":2.0,
                                        "right": 0.0,
                                        "child":{
                                          "type" : "container",
                                          "height": 15.0,
                                          "width":  15.0,
                                          "child" :
                                          {

                                            "type":"padding",
                                            "top": 0.0,
                                            "bottom": 0.0,
                                            "left": 0.0,
                                            "right": 0.0,
                                            "child":  {
                                              "type":"container",
                                              "height":10.0,
                                              "width":10.0,
                                              "child":{


                                              },
                                              "decoration":{
                                                "color":"#000000",
                                                "opacity": 1.0,
                                                "borderColor":"#6D7274",
                                                "borderRadius":{
                                                  "topRight":20,
                                                  "bottomRight":20,
                                                  "topLeft":20,
                                                  "bottomLeft":20
                                                }
                                              }
                                            }
                                          },
                                          "decoration":{
                                            "borderColor":"#6D7274",
                                            "borderRadius":{
                                              "topRight":20,
                                              "bottomRight":20,
                                              "topLeft":20,
                                              "bottomLeft":20
                                            }
                                          }
                                        }
                                      }
                                    ]
                                  }
                                }
                              ]
                            },
                            {
                              "type": "sizedBox",
                              "height": 10.0,
                              "width": 0.0
                            },
                            {
                              "type": "container",
                              "height": 25.0,
                              "width": 100.0,
                              "decoration":{
                                "color":"#00000000",
                                "opacity": 0.0,
                                "borderColor":"#00000000"
                              },
                              "child":  {
                                "type": "row",
                                "mainalignment": "spaceBetween",
                                "crossalignment": "spaceBetween",
                                "children": [
                                  {
                                    "type": "padding",
                                    "top":0.0,
                                    "bottom":0.0,
                                    "left": 0.0,
                                    "right": 0.0,
                                    "child": {
                                      "type": "buttonContainer",
                                      "height": 25.0,
                                      "width": 25.0,
                                      "child": {
                                        "type": "padding",
                                        "top": 0.0,
                                        "bottom":0.0,
                                        "left":0.0,
                                        "right": 0.0,
                                        "child": {
                                          "type": "icon",
                                          "iconData": "remove",
                                          "size": 20.0,
                                          "color": "#000000"
                                        }
                                      },
                                      "tag": "",
                                      "decoration":{
                                        "color":"#FFFFFF",
                                        "opacity": 1.0,
                                        "borderColor": "00000000",
                                        "borderRadius":{
                                          "topRight":5,
                                          "bottomRight": 5,
                                          "topLeft": 5,
                                          "bottomLeft": 5
                                        }
                                      }
                                    }
                                  },

                                  {
                                    "type": "container",
                                    "height": 25.0,
                                    "width": 25.0,
                                    "decoration":{
                                      "color":"#000000",
                                      "opacity": 1.0,
                                      "borderColor": "00000000",
                                      "borderRadius":{
                                        "topRight":5,
                                        "bottomRight": 5,
                                        "topLeft": 5,
                                        "bottomLeft": 5
                                      }
                                    },
                                    "child":  {
                                      "type": "padding",
                                      "top": 2.0,
                                      "bottom":0.0,
                                      "left":0.0,
                                      "right": 0.0,
                                      "child": {
                                        "type": "text",
                                        "label": "1",
                                        "textColor": "#FFFFFF",
                                        "fontSize": 12,
                                        "fontWeight": "Bold"
                                      }
                                    }
                                  },

                                  {
                                    "type": "padding",
                                    "top":0.0,
                                    "bottom":0.0,
                                    "left": 0.0,
                                    "right": 0.0,
                                    "child": {
                                      "type": "buttonContainer",
                                      "height": 25.0,
                                      "width": 25.0,
                                      "child": {
                                        "type": "padding",
                                        "top": 0.0,
                                        "bottom":0.0,
                                        "left":0.0,
                                        "right": 0.0,
                                        "child": {
                                          "type": "icon",
                                          "iconData": "add",
                                          "size": 20.0,
                                          "color": "#000000"
                                        }
                                      },
                                      "tag": "",
                                      "decoration":{
                                        "color":"#FFFFFF",
                                        "borderColor": "00000000",
                                        "borderRadius":{
                                          "topRight":5,
                                          "bottomRight": 5,
                                          "topLeft": 5,
                                          "bottomLeft": 5
                                        }
                                      }
                                    }
                                  }
                                ]
                              }
                            }






                          ]
                        }
                      },

                      {
                        "type": "column",
                        "mainalignment": "spaceAround",
                        "crossalignment": "end",
                        "children": [
                          {
                            "type": "padding",
                            "top": 0.0,
                            "bottom":0.0,
                            "left":0.0,
                            "right": 0.0,
                            "child": {
                              "type": "icon",
                              "iconData": "delete",
                              "size": 20.0,
                              "color": "#000000"
                            }
                          },
                          {
                            "type": "padding",
                            "top": 0.0,
                            "bottom":0.0,
                            "left":0.0,
                            "right": 0.0,
                            "child": {
                              "type": "text",
                              "label": "$290.0",
                              "textColor": "#000000",
                              "fontSize": 16,
                              "fontWeight": "bold"
                            }
                          }

                        ]
                      }




                    ]
                  }
                }
              }
            },

            {
              "type": "padding",
              "top": 0.0,
              "bottom":0.0,
              "left":0.0,
              "right": 280.0,
              "child": {
                "type": "text",
                "label": "Promo code",
                "textColor": "#313237",
                "fontSize": 16,
                "fontWeight": "bold"
              }
            },

            {
              "type": "padding",
              "top": 0.0,
              "bottom": 0.0,
              "left": 15.0,
              "right": 15.0,
              "child": {
                "type": "row",
                "mainalignment": "spaceBetween",
                "crossalignment": "start",
                "children": [
                  {
                    "type": "container",
                    "height": 40.0,
                    "width": 300.0,
                    "child":{
                      "type":"textField",
                      "label":"Enter promo code",
                      "placeholder":"Enter your Email Address",
                      "obscureText":false,
                      "prefixIcon": "search",
                      "suffixIcon": "",
                      "prefixColor": "#9CA0AF99",
                      "fieldOpacity": 1.0,
                      "colorName": "#F1F1F1",
                      "filled": true,
                      "radius": 10.0,
                      "keyboardType": "text",
                      "textInputAction": "done",
                      "suffixColor": "#000000"


                    }
                  },

                  {
                    "type": "padding",
                    "top": 0.0,
                    "bottom": 0.0,
                    "left": 0.0,
                    "right": 0.0,
                    "child": {
                      "type": "container",
                      "height": 40.0,
                      "width": 40.0,
                      "child":
                      {
                        "type": "iconButton",
                        "child": {
                          "type": "icon",
                          "iconData": "arrow_forward_ios",
                          "color": "#FFFFFF",
                          "size": 20.0
                        },
                        "tag": "applyCoupon"
                      },

                      "decoration": {
                        "color": "#000000",
                        "opacity": 1.0,
                        "borderColor": "#FFFFFF",
                        "borderRadius": {
                          "topRight": 10,
                          "bottomRight": 10,
                          "topLeft": 10,
                          "bottomLeft": 10
                        }
                      }
                    }
                  }
                ]
              }
            },

            {
              "type": "padding",
              "top": 0.0,
              "bottom":0.0,
              "left":0.0,
              "right": 280.0,
              "child": {
                "type": "text",
                "label": "Order Summary",
                "textColor": "#313237",
                "fontSize": 14,
                "fontWeight": "bold"
              }
            },

            {
              "type": "padding",
              "top": 0.0,
              "bottom": 0.0,
              "left": 15.0,
              "right": 15.0,
              "child":  {
                "type": "row",
                "mainalignment": "spaceBetween",
                "crossalignment": "start",
                "children": [
                  {
                    "type": "padding",
                    "top": 0.0,
                    "bottom": 0.0,
                    "left": 0.0,
                    "right": 0.0,
                    "child":
                    {
                      "type": "text",
                      "label": "Subtotal",
                      "textColor": "#313237",
                      "fontSize": 12,
                      "fontWeight": "normal"
                    }
                  },

                  {
                    "type": "padding",
                    "top": 0.0,
                    "bottom": 0.0,
                    "left": 0.0,
                    "right": 0.0,
                    "child":
                    {
                      "type": "text",
                      "label": "$774.75",
                      "textColor": "#313237",
                      "fontSize": 12,
                      "fontWeight": "normal"
                    }
                  }
                ]
              }
            },


            {
              "type": "padding",
              "top": 0.0,
              "bottom": 0.0,
              "left": 15.0,
              "right": 15.0,
              "child":  {
                "type": "row",
                "mainalignment": "spaceBetween",
                "crossalignment": "start",
                "children": [
                  {
                    "type": "padding",
                    "top": 0.0,
                    "bottom": 0.0,
                    "left": 0.0,
                    "right": 0.0,
                    "child":
                    {
                      "type": "text",
                      "label": "Discount",
                      "textColor": "#313237",
                      "fontSize": 12,
                      "fontWeight": "normal"
                    }
                  },

                  {
                    "type": "padding",
                    "top": 0.0,
                    "bottom": 0.0,
                    "left": 0.0,
                    "right": 0.0,
                    "child":
                    {
                      "type": "text",
                      "label": "$20.75",
                      "textColor": "#313237",
                      "fontSize": 12,
                      "fontWeight": "normal"
                    }
                  }
                ]
              }
            },



            {
              "type": "padding",
              "top": 0.0,
              "bottom": 0.0,
              "left": 15.0,
              "right": 15.0,
              "child":  {
                "type": "row",
                "mainalignment": "spaceBetween",
                "crossalignment": "start",
                "children": [
                  {
                    "type": "padding",
                    "top": 0.0,
                    "bottom": 0.0,
                    "left": 0.0,
                    "right": 0.0,
                    "child":
                    {
                      "type": "text",
                      "label": "Discount",
                      "textColor": "#313237",
                      "fontSize": 12,
                      "fontWeight": "normal"
                    }
                  },

                  {
                    "type": "padding",
                    "top": 0.0,
                    "bottom": 0.0,
                    "left": 0.0,
                    "right": 0.0,
                    "child":
                    {
                      "type": "text",
                      "label": "$20.75",
                      "textColor": "#313237",
                      "fontSize": 12,
                      "fontWeight": "normal"
                    }
                  }
                ]
              }
            },

            {
              "type": "padding",
              "top": 0.0,
              "bottom": 0.0,
              "left": 15.0,
              "right": 15.0,
              "child":  {
                "type": "row",
                "mainalignment": "spaceBetween",
                "crossalignment": "start",
                "children": [
                  {
                    "type": "padding",
                    "top": 0.0,
                    "bottom": 0.0,
                    "left": 0.0,
                    "right": 0.0,
                    "child":
                    {
                      "type": "text",
                      "label": "Total",
                      "textColor": "#313237",
                      "fontSize": 12,
                      "fontWeight": "bold"
                    }
                  },

                  {
                    "type": "padding",
                    "top": 0.0,
                    "bottom": 0.0,
                    "left": 0.0,
                    "right": 0.0,
                    "child":
                    {
                      "type": "text",
                      "label": "$900.75",
                      "textColor": "#313237",
                      "fontSize": 12,
                      "fontWeight": "bold"
                    }
                  }
                ]
              }
            },

            {
              "type": "padding",
              "top":20.0,
              "bottom":0.0,
              "left":30.0,
              "right": 30.0,
              "child": {
                "type": "buttonContainer",
                "height": 45.0,
                "width": 350.0,
                "child": {
                  "type": "padding",
                  "top":15.0,
                  "bottom":0.0,
                  "left":0.0,
                  "right": 0.0,
                  "child": {
                    "type": "text",
                    "label": "Proceed to Buy (3 item)",
                    "textColor": "#F6F6F6",
                    "fontSize": 14,
                    "fontWeight": "Bold"
                  }
                },
                "tag": "",
                "decoration":{
                  "color":"#24CF9C",
                  "opacity": 1.0,
                  "borderColor": "00000000",
                  "borderRadius":{
                    "topRight":10,
                    "bottomRight": 10,
                    "topLeft": 10,
                    "bottomLeft": 10
                  }
                }
              }
            }
          ]
        }
      }
    }
  }
}

